真値 角度(deg),推定 角度(deg),真値 スケール,推定 スケール,反復回数,角度誤差,スケール誤差,初期値 角度,初期値 スケール
30.0,29.975322277774506,1.5,1.5058503278406044,408,0.024677722225494136,0.005850327840604352,30.0,0.1
