真値 角度(deg),推定 角度(deg),真値 スケール,推定 スケール,反復回数,角度誤差,スケール誤差,初期値 角度,初期値 スケール
30.0,6.301391083091308,1.5,1.1863678825118589,999,23.698608916908693,0.3136321174881411,0.0,1.0
