真値 角度(deg),推定 角度(deg),真値 スケール,推定 スケール,反復回数,角度誤差,スケール誤差,初期値 角度,初期値 スケール
30.0,-3.9684218891744987,0.5,2.8091230748554725,999,33.9684218891745,2.3091230748554725,0.0,1.0
