真値 角度(deg),推定 角度(deg),真値 スケール,推定 スケール,反復回数,角度誤差,スケール誤差,初期値 角度,初期値 スケール
30.0,32.191618794069214,1.5,3.045343705199113,999,2.191618794069214,1.5453437051991128,30.0,2.0
