真値 角度(deg),推定 角度(deg),真値 スケール,推定 スケール,反復回数,角度誤差,スケール誤差,初期値 角度,初期値 スケール
30.0,30.001722498955438,1.5,1.4997214750146735,183,0.0017224989554378567,0.0002785249853265448,30.0,1.2
