真値 角度(deg),推定 角度(deg),真値 スケール,推定 スケール,反復回数,角度誤差,スケール誤差,初期値 角度,初期値 スケール
30.0,29.975374824420005,1.5,1.505846881463524,862,0.02462517557999533,0.005846881463523967,20.0,1.5
