真値 角度(deg),推定 角度(deg),真値 スケール,推定 スケール,反復回数,角度誤差,スケール誤差,初期値 角度,初期値 スケール
30.0,30.001641388912518,1.5,1.499729589815765,263,0.0016413889125175274,0.00027041018423501484,50.0,1.5
