真値 角度(deg),推定 角度(deg),真値 スケール,推定 スケール,反復回数,角度誤差,スケール誤差,初期値 角度,初期値 スケール
30.0,30.616150799436895,1.5,2.6863800559517226,999,0.6161507994368947,1.1863800559517226,0.0,1.5
