真値 角度(deg),推定 角度(deg),真値 スケール,推定 スケール,反復回数,角度誤差,スケール誤差,初期値 角度,初期値 スケール
30.0,78.53364208034519,1.5,1.098018454554151,999,48.53364208034519,0.4019815454458491,120.0,1.5
