真値 角度(deg),推定 角度(deg),真値 スケール,推定 スケール,反復回数,角度誤差,スケール誤差,初期値 角度,初期値 スケール
30.0,29.678261907688107,1.5,2.804249370832732,999,0.3217380923118931,1.304249370832732,-10.0,1.5
