真値 角度(deg),推定 角度(deg),真値 スケール,推定 スケール,反復回数,角度誤差,スケール誤差,初期値 角度,初期値 スケール
30.0,29.97530571230273,1.5,1.5058399937535085,444,0.02469428769726889,0.005839993753508521,0.0,1.0
