真値 角度(deg),推定 角度(deg),真値 スケール,推定 スケール,反復回数,角度誤差,スケール誤差,初期値 角度,初期値 スケール
30.0,30.204185958621466,1.5,2.1678258329649562,999,0.2041859586214656,0.6678258329649562,10.0,1.5
