真値 角度(deg),推定 角度(deg),真値 スケール,推定 スケール,反復回数,角度誤差,スケール誤差,初期値 角度,初期値 スケール
30.0,7.065922745726221,1.5,1.1389783509141838,999,22.93407725427378,0.36102164908581624,0.0,1.0
