真値 角度(deg),推定 角度(deg),真値 スケール,推定 スケール,反復回数,角度誤差,スケール誤差,初期値 角度,初期値 スケール
30.0,30.001696969404154,1.5,1.499727286938003,330,0.0016969694041542027,0.00027271306199705414,30.0,0.8
