真値 角度(deg),推定 角度(deg),真値 スケール,推定 スケール,反復回数,角度誤差,スケール誤差,初期値 角度,初期値 スケール
90.0,-2.029189330429555,1.5,1.937510707723178,999,92.02918933042956,0.4375107077231779,0.0,1.0
